{
  "in_sample": {
    "total_return_%": 269.2825058239396,
    "max_drawdown_%": 8.147436830092463,
    "sharpe_ratio": 0.9949321280239347,
    "sortino_ratio": 0.29047731193058063,
    "calmar_ratio": 1.2752062428550697,
    "total_trades": 52,
    "win_rate_%": 82.6923076923077,
    "profit_factor": 15.194470673547112
  },
  "out_of_sample": {
    "total_return_%": 128.71572175197196,
    "max_drawdown_%": 2.3158369249737225,
    "sharpe_ratio": 1.3205099718100444,
    "sortino_ratio": 1.0606185002913173,
    "calmar_ratio": 6.577292078731712,
    "total_trades": 24,
    "win_rate_%": 79.16666666666666,
    "profit_factor": 25.754445372032038
  }
}