{
  "in_sample": {
    "total_return_%": 267.9886289329636,
    "max_drawdown_%": 8.231718941367564,
    "sharpe_ratio": 0.9940477398566322,
    "sortino_ratio": 0.2861369043026254,
    "calmar_ratio": 1.2570505534187428,
    "total_trades": 52,
    "win_rate_%": 82.6923076923077,
    "profit_factor": 15.128803721908389
  },
  "out_of_sample": {
    "total_return_%": 131.18359423671086,
    "max_drawdown_%": 2.3158369249737225,
    "sharpe_ratio": 1.3351716375358205,
    "sortino_ratio": 1.072383567988128,
    "calmar_ratio": 6.65025166462119,
    "total_trades": 25,
    "win_rate_%": 80.0,
    "profit_factor": 26.24908153035427
  }
}