{
  "in_sample": {
    "total_return_%": 263.2858559678818,
    "max_drawdown_%": 8.215983577076907,
    "sharpe_ratio": 1.0444298479889038,
    "sortino_ratio": 0.30952899284048724,
    "calmar_ratio": 1.2451985502488234,
    "total_trades": 52,
    "win_rate_%": 82.6923076923077,
    "profit_factor": 16.191632989995977
  },
  "out_of_sample": {
    "total_return_%": 128.2632727600448,
    "max_drawdown_%": 2.322294274941032,
    "sharpe_ratio": 1.3187857994764198,
    "sortino_ratio": 1.0574711398871255,
    "calmar_ratio": 6.557738766256148,
    "total_trades": 24,
    "win_rate_%": 79.16666666666666,
    "profit_factor": 25.670559192132576
  }
}