{
  "in_sample": {
    "total_return_%": 262.65553478817674,
    "max_drawdown_%": 8.598338153033124,
    "sharpe_ratio": 0.9676902850118881,
    "sortino_ratio": 0.2702194225084437,
    "calmar_ratio": 1.1907890302872635,
    "total_trades": 52,
    "win_rate_%": 82.6923076923077,
    "profit_factor": 14.858138067600013
  },
  "out_of_sample": {
    "total_return_%": 131.455159746202,
    "max_drawdown_%": 2.3158369249737225,
    "sharpe_ratio": 1.3358278588298471,
    "sortino_ratio": 1.0723401131780024,
    "calmar_ratio": 6.649982185087933,
    "total_trades": 25,
    "win_rate_%": 80.0,
    "profit_factor": 26.299431058345554
  }
}