{
  "in_sample": {
    "total_return_%": 262.03226751924575,
    "max_drawdown_%": 8.70704500017498,
    "sharpe_ratio": 0.9491667016827207,
    "sortino_ratio": 0.2664983956039651,
    "calmar_ratio": 1.1756458699868773,
    "total_trades": 52,
    "win_rate_%": 82.6923076923077,
    "profit_factor": 14.82650595337621
  },
  "out_of_sample": {
    "total_return_%": 131.6586415458855,
    "max_drawdown_%": 2.3158369249737225,
    "sharpe_ratio": 1.3370020544282901,
    "sortino_ratio": 1.0734309282710903,
    "calmar_ratio": 6.656746737534603,
    "total_trades": 25,
    "win_rate_%": 80.0,
    "profit_factor": 26.33715754499725
  }
}