{
  "in_sample": {
    "total_return_%": 267.9886289329636,
    "max_drawdown_%": 8.231718941367564,
    "sharpe_ratio": 0.9940477398566322,
    "sortino_ratio": 0.2861369043026254,
    "calmar_ratio": 1.2570505534187428,
    "total_trades": 52,
    "win_rate_%": 82.6923076923077,
    "profit_factor": 15.128803721908389
  },
  "out_of_sample": {
    "total_return_%": 130.95750334817367,
    "max_drawdown_%": 2.3158369249737225,
    "sharpe_ratio": 1.3342996553105064,
    "sortino_ratio": 1.0719198524252296,
    "calmar_ratio": 6.647375990947953,
    "total_trades": 25,
    "win_rate_%": 80.0,
    "profit_factor": 26.207163211852386
  }
}