{
  "in_sample": {
    "total_return_%": 261.81300788084616,
    "max_drawdown_%": 8.65926521784151,
    "sharpe_ratio": 0.9636643309005998,
    "sortino_ratio": 0.2676924289667126,
    "calmar_ratio": 1.1802530256904677,
    "total_trades": 52,
    "win_rate_%": 82.6923076923077,
    "profit_factor": 14.81537806928497
  },
  "out_of_sample": {
    "total_return_%": 131.455159746202,
    "max_drawdown_%": 2.3158369249737225,
    "sharpe_ratio": 1.3358278588298471,
    "sortino_ratio": 1.0723401131780024,
    "calmar_ratio": 6.649982185087933,
    "total_trades": 25,
    "win_rate_%": 80.0,
    "profit_factor": 26.299431058345554
  }
}